'May 24, 2018 04:14 PM', 1000, 0
'May 24, 2018 04:14 PM', 1001, 0
'May 24, 2018 04:14 PM', 1002, 0
'May 24, 2018 04:14 PM', 1003, 0
'May 24, 2018 04:14 PM', 1004, 0
'May 24, 2018 04:14 PM', 1005, 0
'May 24, 2018 04:14 PM', 1006, 0
'May 24, 2018 04:14 PM', 1007, 0
'May 24, 2018 04:14 PM', 1008, 0
'May 24, 2018 04:14 PM', 1009, 0
'May 24, 2018 04:14 PM', 1010, 0
'May 24, 2018 04:14 PM', 1011, 0
'May 24, 2018 04:14 PM', 1012, 0
'May 24, 2018 04:14 PM', 1013, 0
'May 24, 2018 04:14 PM', 1014, 0
'May 24, 2018 04:14 PM', 1015, 0
'May 24, 2018 04:14 PM', 1016, 0
'May 24, 2018 04:14 PM', 1017, 0
